1	18
2	36
3	45
4	63
5	90
6	108
7	117
8	135
9	144
10	162
11	189
12	207
13	216
14	234
15	243
16	261
17	288
18	306
19	315
20	333
21	342
22	360
23	387
24	405
25	414
26	432
27	441
28	459
29	486
30	504
31	513
32	531
33	531
34	558
35	576
36	585
37	603
38	612
39	630
40	657
41	675
42	684
43	702
44	711
45	729
46	756
47	774
48	783
49	792
50	801
51	819
52	846
53	864
54	873
55	891
56	900
57	918
58	945
59	963
60	972
61	990
62	999
63	1008
64	1017
65	1035
66	1044
67	1062
68	1089
69	1107
70	1116
71	1134
72	1143
73	1161
74	1188
75	1206
76	1215
77	1233
78	1242
79	1260
80	1287
81	1305
82	1314
83	1332
84	1341
85	1359
86	1386
87	1404
88	1413
89	1431
90	1440
91	1458
92	1485
93	1503
94	1512
95	1530
96	1530
97	1557
98	1575
99	1584
100	1602
101	1611
102	1629
103	1656
104	1674
105	1683
106	1701
107	1710
108	1728
109	1755
110	1773
111	1782
112	1791
113	1800
114	1818
115	1845
116	1863
117	1872
118	1890
119	1899
120	1917
121	1944
122	1962
123	1971
124	1989
125	1998
126	2007
127	2016
128	2034
129	2043
130	2061
131	2088
132	2106
133	2115
134	2133
135	2142
136	2160
137	2187
138	2205
139	2214
140	2232
141	2241
142	2259
143	2286
144	2304
145	2313
146	2331
147	2340
148	2358
149	2385
150	2403
151	2412
152	2430
153	2439
154	2457
155	2484
156	2502
157	2511
158	2529
159	2529
160	2556
161	2574
162	2583
163	2601
164	2610
165	2628
166	2655
167	2673
168	2682
169	2700
170	2709
171	2727
172	2754
173	2772
174	2781
175	2790
176	2799
177	2817
178	2844
179	2862
180	2871
181	2889
182	2898
183	2916
184	2943
185	2961
186	2970
187	2988
188	2997
189	3006
190	3015
191	3033
192	3042
193	3060
194	3087
195	3105
196	3114
197	3132
198	3141
199	3159
200	3186
201	3204
202	3213
203	3231
204	3240
205	3258
206	3285
207	3303
208	3312
209	3330
210	3339
211	3357
212	3384
213	3402
214	3411
215	3429
216	3438
217	3456
218	3483
219	3501
220	3510
221	3528
222	3528
223	3555
224	3573
225	3582
226	3600
227	3609
228	3627
229	3654
230	3672
231	3681
232	3699
233	3708
234	3726
235	3753
236	3771
237	3780
238	3789
239	3798
240	3816
241	3843
242	3861
243	3870
244	3888
245	3897
246	3915
247	3942
248	3960
249	3969
250	3987
251	3996
252	4005
253	4014
254	4032
255	4041
256	4059
257	4086
258	4104
259	4113
260	4131
261	4140
262	4158
263	4185
264	4203
265	4212
266	4230
267	4239
268	4257
269	4284
270	4302
271	4311
272	4329
273	4338
274	4356
275	4383
276	4401
277	4410
278	4428
279	4437
280	4455
281	4482
282	4500
283	4509
284	4527
285	4527
286	4554
287	4572
288	4581
289	4599
290	4608
291	4626
292	4653
293	4671
294	4680
295	4698
296	4707
297	4725
298	4752
299	4770
300	4779
301	4788
302	4797
303	4815
304	4842
305	4860
306	4869
307	4887
308	4896
309	4914
310	4941
311	4959
312	4968
313	4986
314	4995
315	5004
316	5013
317	5031
318	5040
319	5058
320	5085
321	5103
322	5112
323	5130
324	5139
325	5157
326	5184
327	5202
328	5211
329	5229
330	5238
331	5256
332	5283
333	5301
334	5310
335	5328
336	5337
337	5355
338	5382
339	5400
340	5409
341	5427
342	5436
343	5454
344	5481
345	5499
346	5508
347	5526
348	5526
349	5553
350	5571
351	5580
352	5598
353	5607
354	5625
355	5652
356	5670
357	5679
358	5697
359	5706
360	5724
361	5751
362	5769
363	5778
364	5787
365	5796
366	5814
367	5841
368	5859
369	5868
370	5886
371	5895
372	5913
373	5940
374	5958
375	5967
376	5985
377	5994
378	6003
379	6012
380	6030
381	6039
382	6057
383	6084
384	6102
385	6111
386	6129
387	6138
388	6156
389	6183
390	6201
391	6210
392	6228
393	6237
394	6255
395	6282
396	6300
397	6309
398	6327
399	6336
400	6354
401	6381
402	6399
403	6408
404	6426
405	6435
406	6453
407	6480
408	6498
409	6507
410	6525
411	6525
412	6552
413	6570
414	6579
415	6597
416	6606
417	6624
418	6651
419	6669
420	6678
421	6696
422	6705
423	6723
424	6750
425	6768
426	6777
427	6786
428	6795
429	6813
430	6840
431	6858
432	6867
433	6885
434	6894
435	6912
436	6939
437	6957
438	6966
439	6984
440	6993
441	6993
442	7020
443	7038
444	7047
445	7065
446	7074
447	7092
448	7119
449	7137
450	7146
451	7164
452	7173
453	7191
454	7209
455	7227
456	7236
457	7245
458	7254
459	7272
460	7299
461	7317
462	7326
463	7344
464	7353
465	7371
466	7398
467	7416
468	7425
469	7434
470	7443
471	7452
472	7461
473	7479
474	7488
475	7506
476	7533
477	7551
478	7560
479	7578
480	7587
481	7605
482	7632
483	7650
484	7659
485	7677
486	7686
487	7704
488	7731
489	7749
490	7758
491	7776
492	7785
493	7803
494	7830
495	7848
496	7857
497	7875
498	7884
499	7902
500	7929
501	7947
502	7956
503	7974
504	7974
505	8001
506	8019
507	8028
508	8046
509	8055
510	8073
511	8091
512	8109
513	8118
514	8136
515	8145
516	8163
517	8190
518	8208
519	8217
520	8226
521	8235
522	8253
523	8280
524	8298
525	8307
526	8316
527	8325
528	8343
529	8370
530	8388
531	8397
532	8415
533	8424
534	8433
535	8442
536	8460
537	8469
538	8487
539	8514
540	8532
541	8541
542	8559
543	8568
544	8586
545	8613
546	8631
547	8640
548	8649
549	8658
550	8676
551	8703
552	8721
553	8730
554	8748
555	8757
556	8775
557	8802
558	8820
559	8829
560	8847
561	8856
562	8874
563	8892
564	8910
565	8919
566	8937
567	8937
568	8964
569	8982
570	8991
571	9009
572	9018
573	9036
574	9063
575	9081
576	9090
577	9108
578	9117
579	9135
580	9153
581	9171
582	9180
583	9189
584	9198
585	9216
586	9243
587	9261
588	9270
589	9288
590	9297
591	9315
592	9342
593	9360
594	9369
595	9378
596	9387
597	9396
598	9405
599	9423
600	9432
601	9450
602	9477
603	9495
604	9504
605	9522
606	9531
607	9549
608	9576
609	9594
610	9603
611	9621
612	9630
613	9648
614	9675
615	9693
616	9702
617	9720
618	9729
619	9747
620	9774
621	9792
622	9801
623	9819
624	9828
625	9846
626	9873
627	9891
628	9900
629	9918
630	9918
631	9945
632	9963
633	9972
634	9990
635	9999
636	10017
637	10044
638	10062
639	10071
640	10089
641	10098
642	10116
643	10143
644	10161
645	10170
646	10179
647	10188
648	10206
649	10233
650	10251
651	10260
652	10278
653	10287
654	10305
655	10332
656	10350
657	10359
658	10377
659	10386
660	10395
661	10404
662	10422
663	10431
664	10449
665	10476
666	10494
667	10503
668	10521
669	10530
670	10548
671	10575
672	10593
673	10602
674	10620
675	10629
676	10647
677	10674
678	10692
679	10701
680	10719
681	10728
682	10746
683	10773
684	10791
685	10800
686	10818
687	10827
688	10845
689	10872
690	10890
691	10899
692	10917
693	10917
694	10944
695	10962
696	10971
697	10989
698	10998
699	11016
700	11043
701	11061
702	11070
703	11088
704	11097
705	11115
706	11142
707	11160
708	11169
709	11178
710	11187
711	11205
712	11232
713	11250
714	11259
715	11277
716	11286
717	11304
718	11331
719	11349
720	11358
721	11376
722	11385
723	11394
724	11403
725	11421
726	11430
727	11448
728	11475
729	11493
730	11502
731	11520
732	11529
733	11547
734	11574
735	11592
736	11601
737	11619
738	11628
739	11646
740	11673
741	11691
742	11700
743	11718
744	11727
745	11745
746	11772
747	11790
748	11799
749	11817
750	11826
751	11844
752	11871
753	11889
754	11898
755	11916
756	11916
757	11943
758	11961
759	11970
760	11988
761	11997
762	12015
763	12042
764	12060
765	12069
766	12087
767	12096
768	12114
769	12141
770	12159
771	12168
772	12177
773	12186
774	12204
775	12231
776	12249
777	12258
778	12276
779	12285
780	12303
781	12330
782	12348
783	12357
784	12375
785	12384
786	12393
787	12402
788	12420
789	12429
790	12447
791	12474
792	12492
793	12501
794	12519
795	12528
796	12546
797	12573
798	12591
799	12600
800	12618
801	12627
802	12645
803	12672
804	12690
805	12699
806	12717
807	12726
808	12744
809	12771
810	12789
811	12798
812	12816
813	12825
814	12843
815	12870
816	12888
817	12897
818	12915
819	12915
820	12942
821	12960
822	12969
823	12987
824	12996
825	13014
826	13041
827	13059
828	13068
829	13086
830	13095
831	13113
832	13140
833	13158
834	13167
835	13176
836	13185
837	13203
838	13230
839	13248
840	13257
841	13275
842	13284
843	13302
844	13329
845	13347
846	13356
847	13374
848	13383
849	13392
850	13401
851	13419
852	13419
853	13446
854	13464
855	13473
856	13491
857	13500
858	13518
859	13545
860	13563
861	13572
862	13590
863	13599
864	13617
865	13644
866	13662
867	13671
868	13689
869	13698
870	13716
871	13743
872	13761
873	13770
874	13788
875	13797
876	13815
877	13842
878	13860
879	13869
880	13887
881	13896
882	13905
883	13914
884	13932
885	13941
886	13959
887	13986
888	14004
889	14013
890	14031
891	14040
892	14058
893	14085
894	14103
895	14112
896	14130
897	14139
898	14157
899	14184
900	14202
901	14211
902	14229
903	14238
904	14256
905	14283
906	14301
907	14310
908	14328
909	14337
910	14355
911	14382
912	14400
913	14409
914	14427
915	14427
916	14454
917	14472
918	14481
919	14499
920	14508
921	14526
922	14553
923	14571
924	14580
925	14598
926	14607
927	14625
928	14652
929	14670
930	14679
931	14688
932	14697
933	14715
934	14742
935	14760
936	14769
937	14787
938	14796
939	14814
940	14841
941	14859
942	14868
943	14886
944	14895
945	14904
946	14913
947	14931
948	14940
949	14958
950	14976
951	14994
952	15003
953	15012
954	15021
955	15039
956	15066
957	15084
958	15093
959	15111
960	15120
961	15138
962	15165
963	15183
964	15192
965	15201
966	15210
967	15228
968	15246
969	15264
970	15273
971	15291
972	15300
973	15318
974	15345
975	15363
976	15372
977	15390
978	15390
979	15417
980	15435
981	15444
982	15453
983	15462
984	15480
985	15498
986	15516
987	15525
988	15543
989	15552
990	15570
991	15597
992	15615
993	15624
994	15633
995	15642
996	15660
997	15678
998	15696
999	15705
1000	15714
1001	15723
1002	15741
1003	15768
1004	15786
1005	15795
1006	15813
1007	15822
1008	15831
1009	15840
1010	15858
1011	15858
1012	15885
1013	15903
1014	15912
1015	15930
1016	15939
1017	15957
1018	15984
1019	16002
1020	16011
1021	16029
1022	16038
1023	16056
1024	16083
1025	16101
1026	16110
1027	16128
1028	16137
1029	16155
1030	16182
1031	16200
1032	16209
1033	16227
1034	16236
1035	16254
1036	16281
1037	16299
1038	16308
1039	16326
1040	16335
1041	16344
1042	16353
1043	16371
1044	16380
1045	16398
1046	16425
1047	16443
1048	16452
1049	16470
1050	16479
1051	16497
1052	16524
1053	16542
1054	16551
1055	16569
1056	16578
1057	16596
1058	16623
1059	16641
1060	16650
1061	16668
1062	16677
1063	16695
1064	16722
1065	16740
1066	16749
1067	16767
1068	16776
1069	16794
1070	16821
1071	16839
1072	16848
1073	16866
1074	16866
1075	16893
1076	16911
1077	16920
1078	16938
1079	16947
1080	16965
1081	16992
1082	17010
1083	17019
1084	17037
1085	17046
1086	17064
1087	17091
1088	17109
1089	17118
1090	17127
1091	17136
1092	17154
1093	17181
1094	17199
1095	17208
1096	17226
1097	17235
1098	17253
1099	17280
1100	17298
1101	17307
1102	17325
1103	17334
1104	17343
1105	17352
1106	17370
1107	17379
1108	17397
1109	17424
1110	17442
1111	17451
1112	17469
1113	17478
1114	17496
1115	17523
1116	17541
1117	17550
1118	17568
1119	17577
1120	17595
1121	17622
1122	17640
1123	17649
1124	17667
1125	17676
1126	17694
1127	17721
1128	17739
1129	17748
1130	17766
1131	17775
1132	17793
1133	17820
1134	17838
1135	17847
1136	17865
1137	17865
1138	17892
1139	17910
1140	17919
1141	17937
1142	17946
1143	17964
1144	17991
1145	18009
1146	18018
1147	18036
1148	18045
1149	18063
1150	18090
1151	18108
1152	18117
1153	18126
1154	18135
1155	18153
1156	18180
1157	18198
1158	18207
1159	18225
1160	18234
1161	18252
1162	18279
1163	18297
1164	18306
1165	18324
1166	18333
1167	18342
1168	18351
1169	18360
1170	18369
1171	18387
1172	18414
1173	18432
1174	18441
1175	18459
1176	18468
1177	18486
1178	18513
1179	18531
1180	18540
1181	18558
1182	18567
1183	18585
1184	18612
1185	18630
1186	18639
1187	18657
1188	18666
1189	18684
1190	18711
1191	18729
1192	18738
1193	18756
1194	18765
1195	18783
1196	18810
1197	18828
1198	18837
1199	18855
1200	18855
1201	18882
1202	18900
1203	18909
1204	18927
1205	18936
1206	18954
1207	18981
1208	18999
1209	19008
1210	19026
1211	19035
1212	19053
1213	19080
1214	19098
1215	19107
1216	19116
1217	19125
1218	19143
1219	19170
1220	19188
1221	19197
1222	19215
1223	19224
1224	19242
1225	19269
1226	19287
1227	19296
1228	19314
1229	19323
1230	19332
1231	19341
1232	19359
1233	19368
1234	19386
1235	19413
1236	19431
1237	19440
1238	19458
1239	19467
1240	19485
1241	19512
1242	19530
1243	19539
1244	19557
1245	19566
1246	19584
1247	19611
1248	19629
1249	19638
1250	19656
1251	19665
1252	19683
1253	19710
1254	19728
1255	19737
1256	19755
1257	19764
1258	19782
1259	19809
1260	19827
1261	19836
1262	19854
1263	19854
1264	19881
1265	19899
1266	19908
1267	19926
1268	19935
1269	19953
1270	19980
1271	19998
1272	20007
1273	20016
1274	20025
1275	20043
1276	20070
1277	20088
1278	20097
1279	20106
1280	20115
1281	20133
1282	20160
1283	20178
1284	20187
1285	20205
1286	20214
1287	20232
1288	20250
1289	20268
1290	20277
1291	20295
1292	20304
1293	20313
1294	20322
1295	20340
1296	20349
1297	20367
1298	20385
1299	20403
1300	20412
1301	20430
1302	20439
1303	20457
1304	20484
1305	20502
1306	20511
1307	20529
1308	20538
1309	20556
1310	20574
1311	20592
1312	20601
1313	20610
1314	20619
1315	20637
1316	20664
1317	20682
1318	20691
1319	20709
1320	20718
1321	20736
1322	20763
1323	20781
1324	20790
1325	20799
1326	20799
1327	20808
1328	20826
1329	20835
1330	20853
1331	20880
1332	20898
1333	20907
1334	20925
1335	20934
1336	20952
1337	20979
1338	20997
1339	21006
1340	21024
1341	21033
1342	21051
1343	21078
1344	21096
1345	21105
1346	21123
1347	21132
1348	21150
1349	21177
1350	21195
1351	21204
1352	21222
1353	21231
1354	21249
1355	21276
1356	21294
1357	21303
1358	21321
1359	21321
1360	21348
1361	21366
1362	21375
1363	21393
1364	21402
1365	21420
1366	21447
1367	21465
1368	21474
1369	21492
1370	21501
1371	21519
1372	21546
1373	21564
1374	21573
1375	21582
1376	21591
1377	21609
1378	21636
1379	21654
1380	21663
1381	21681
1382	21690
1383	21708
1384	21735
1385	21753
1386	21762
1387	21780
1388	21789
1389	21798
1390	21807
1391	21825
1392	21834
1393	21852
1394	21879
1395	21897
1396	21906
1397	21915
1398	21924
1399	21942
1400	21969
1401	21987
1402	21996
1403	22014
1404	22023
1405	22041
1406	22068
1407	22086
1408	22095
1409	22113
1410	22122
1411	22140
1412	22158
1413	22176
1414	22185
1415	22203
1416	22212
1417	22230
1418	22257
1419	22275
1420	22284
1421	22302
1422	22302
1423	22329
1424	22347
1425	22356
1426	22374
1427	22383
1428	22401
1429	22428
1430	22446
1431	22455
1432	22473
1433	22482
1434	22500
1435	22527
1436	22545
1437	22554
1438	22563
1439	22572
1440	22590
1441	22617
1442	22635
1443	22644
1444	22662
1445	22671
1446	22689
1447	22716
1448	22734
1449	22743
1450	22761
1451	22770
1452	22779
1453	22788
1454	22806
1455	22815
1456	22833
1457	22860
1458	22878
1459	22887
1460	22905
1461	22914
1462	22932
1463	22959
1464	22977
1465	22986
1466	23004
1467	23013
1468	23031
1469	23058
1470	23076
1471	23085
1472	23103
1473	23112
1474	23130
1475	23157
1476	23175
1477	23184
1478	23202
1479	23211
1480	23229
1481	23256
1482	23274
1483	23283
1484	23301
1485	23301
1486	23328
1487	23346
1488	23355
1489	23373
1490	23382
1491	23400
1492	23427
1493	23445
1494	23454
1495	23472
1496	23481
1497	23499
1498	23526
1499	23544
1500	23553
1501	23562
1502	23571
1503	23589
1504	23616
1505	23634
1506	23643
1507	23661
1508	23670
1509	23688
1510	23715
1511	23733
1512	23742
1513	23760
1514	23769
1515	23778
1516	23787
1517	23805
1518	23814
1519	23832
1520	23859
1521	23877
1522	23886
1523	23904
1524	23913
1525	23931
1526	23958
1527	23976
1528	23985
1529	24003
1530	24012
1531	24030
1532	24057
1533	24075
1534	24084
1535	24102
1536	24111
1537	24129
1538	24156
1539	24174
1540	24183
1541	24201
1542	24210
1543	24228
1544	24255
1545	24273
1546	24282
1547	24300
1548	24300
1549	24327
1550	24345
1551	24354
1552	24372
1553	24381
1554	24399
1555	24426
1556	24444
1557	24453
1558	24471
1559	24480
1560	24498
1561	24525
1562	24543
1563	24552
1564	24561
1565	24570
1566	24588
1567	24615
1568	24633
1569	24642
1570	24660
1571	24669
1572	24687
1573	24714
1574	24732
1575	24741
1576	24759
1577	24768
1578	24777
1579	24786
1580	24804
1581	24813
1582	24831
1583	24858
1584	24876
1585	24885
1586	24903
1587	24912
1588	24930
1589	24957
1590	24975
1591	24984
1592	25002
1593	25011
1594	25029
1595	25056
1596	25074
1597	25083
1598	25101
1599	25110
1600	25128
1601	25155
1602	25173
1603	25182
1604	25200
1605	25209
1606	25227
1607	25254
1608	25272
1609	25281
1610	25299
1611	25299
1612	25326
1613	25344
1614	25353
1615	25371
1616	25380
1617	25398
1618	25425
1619	25443
1620	25452
1621	25470
1622	25479
1623	25497
1624	25524
1625	25542
1626	25551
1627	25560
1628	25569
1629	25587
1630	25614
1631	25632
1632	25641
1633	25659
1634	25668
1635	25686
1636	25713
1637	25731
1638	25740
1639	25758
1640	25767
1641	25776
1642	25785
1643	25803
1644	25812
1645	25830
1646	25857
1647	25875
1648	25884
1649	25902
1650	25911
1651	25929
1652	25956
1653	25974
1654	25983
1655	26001
1656	26010
1657	26028
1658	26055
1659	26073
1660	26082
1661	26100
1662	26109
1663	26127
1664	26154
1665	26172
1666	26181
1667	26199
1668	26208
1669	26226
1670	26253
1671	26271
1672	26280
1673	26298
1674	26298
1675	26325
1676	26343
1677	26352
1678	26370
1679	26379
1680	26397
1681	26424
1682	26442
1683	26451
1684	26469
1685	26478
1686	26496
1687	26523
1688	26541
1689	26550
1690	26559
1691	26568
1692	26586
1693	26613
1694	26631
1695	26640
1696	26658
1697	26667
1698	26685
1699	26712
1700	26730
1701	26739
1702	26757
1703	26766
1704	26775
1705	26784
1706	26802
1707	26811
1708	26829
1709	26856
1710	26874
1711	26883
1712	26901
1713	26910
1714	26928
1715	26955
1716	26973
1717	26982
1718	26991
1719	27000
1720	27018
1721	27036
1722	27054
1723	27063
1724	27081
1724
0.068252084
